sha256:0384847544e1b420a55e6f95bb504c19638a821943abcdcef7db0e7d6bbe84b3,arm32,linux,"Ubuntu 18.04",2.1.17,2.1/runtime-deps/bionic/arm32v7/Dockerfile,dotnet/core/runtime-deps,2020-03-24 19:04:30
2.1.17-bionic-arm32v7,arm32,linux,"Ubuntu 18.04",2.1.17,2.1/runtime-deps/bionic/arm32v7/Dockerfile,dotnet/core/runtime-deps,2020-03-24 19:04:30
2.1-bionic-arm32v7,arm32,linux,"Ubuntu 18.04",2.1.17,2.1/runtime-deps/bionic/arm32v7/Dockerfile,dotnet/core/runtime-deps,2020-03-24 19:04:30
sha256:cab4c87f4648c0d37179db260acbf3cf3be5d34cd2c4691f5cdc20a8361cb301,amd64,linux,"Alpine 3.11",3.1.3,3.1/runtime-deps/alpine3.11/amd64/Dockerfile,dotnet/core/runtime-deps,2020-03-24 19:04:34
3.1.3-alpine3.11,amd64,linux,"Alpine 3.11",3.1.3,3.1/runtime-deps/alpine3.11/amd64/Dockerfile,dotnet/core/runtime-deps,2020-03-24 19:04:34
3.1-alpine3.11,amd64,linux,"Alpine 3.11",3.1.3,3.1/runtime-deps/alpine3.11/amd64/Dockerfile,dotnet/core/runtime-deps,2020-03-24 19:04:34
3.1.3-alpine,amd64,linux,"Alpine 3.11",3.1.3,3.1/runtime-deps/alpine3.11/amd64/Dockerfile,dotnet/core/runtime-deps,2020-03-24 19:04:34
3.1-alpine,amd64,linux,"Alpine 3.11",3.1.3,3.1/runtime-deps/alpine3.11/amd64/Dockerfile,dotnet/core/runtime-deps,2020-03-24 19:04:34
sha256:169ce77077f7ca4428d62942995a88f318cb87ace4ea6d2d3ce980296893788e,amd64,linux,"Debian 10",5.0.0,5.0/runtime-deps/buster-slim/amd64/Dockerfile,dotnet/core/runtime-deps,2020-03-24 19:04:38
5.0.0-preview-buster-slim,amd64,linux,"Debian 10",5.0.0,5.0/runtime-deps/buster-slim/amd64/Dockerfile,dotnet/core/runtime-deps,2020-03-24 19:04:38
5.0-buster-slim,amd64,linux,"Debian 10",5.0.0,5.0/runtime-deps/buster-slim/amd64/Dockerfile,dotnet/core/runtime-deps,2020-03-24 19:04:38
sha256:ce882da33af561fec168d89413b0de7e72000e26051d7e5f5ed5a5315fe83010,amd64,windows,"Windows Server 2019",2.1.17,2.1/runtime/nanoserver-1809/amd64/Dockerfile,dotnet/core/runtime,2020-03-24 19:04:42
2.1.17-nanoserver-1809,amd64,windows,"Windows Server 2019",2.1.17,2.1/runtime/nanoserver-1809/amd64/Dockerfile,dotnet/core/runtime,2020-03-24 19:04:42
2.1-nanoserver-1809,amd64,windows,"Windows Server 2019",2.1.17,2.1/runtime/nanoserver-1809/amd64/Dockerfile,dotnet/core/runtime,2020-03-24 19:04:42
sha256:289c4e96a972d42816216d1b0977cd0cdca39d37d5e343b0bde228fbe2a85e92,arm32,linux,"Debian 10",3.1.3,3.1/runtime/buster-slim/arm32v7/Dockerfile,dotnet/core/runtime,2020-03-24 19:04:46
3.1.3-buster-slim-arm32v7,arm32,linux,"Debian 10",3.1.3,3.1/runtime/buster-slim/arm32v7/Dockerfile,dotnet/core/runtime,2020-03-24 19:04:46
3.1-buster-slim-arm32v7,arm32,linux,"Debian 10",3.1.3,3.1/runtime/buster-slim/arm32v7/Dockerfile,dotnet/core/runtime,2020-03-24 19:04:46
sha256:45ea8ebcafc4e83b9ea378d742dd693722f51687ec474740ee050d05e203d8a0,amd64,linux,"Alpine 3.11",3.1.3,3.1/runtime/alpine3.11/amd64/Dockerfile,dotnet/core/runtime,2020-03-24 19:04:49
3.1.3-alpine3.11,amd64,linux,"Alpine 3.11",3.1.3,3.1/runtime/alpine3.11/amd64/Dockerfile,dotnet/core/runtime,2020-03-24 19:04:49
3.1-alpine3.11,amd64,linux,"Alpine 3.11",3.1.3,3.1/runtime/alpine3.11/amd64/Dockerfile,dotnet/core/runtime,2020-03-24 19:04:49
3.1.3-alpine,amd64,linux,"Alpine 3.11",3.1.3,3.1/runtime/alpine3.11/amd64/Dockerfile,dotnet/core/runtime,2020-03-24 19:04:49
3.1-alpine,amd64,linux,"Alpine 3.11",3.1.3,3.1/runtime/alpine3.11/amd64/Dockerfile,dotnet/core/runtime,2020-03-24 19:04:49
sha256:1be1693d0c44cb3ff7fe38e661f6a7ee450f36b10074e7f5270214a8208e7544,arm64,linux,"Debian 10",5.0.0,5.0/runtime/buster-slim/arm64v8/Dockerfile,dotnet/core/runtime,2020-03-24 19:04:52
5.0.0-preview-buster-slim-arm64v8,arm64,linux,"Debian 10",5.0.0,5.0/runtime/buster-slim/arm64v8/Dockerfile,dotnet/core/runtime,2020-03-24 19:04:52
5.0-buster-slim-arm64v8,arm64,linux,"Debian 10",5.0.0,5.0/runtime/buster-slim/arm64v8/Dockerfile,dotnet/core/runtime,2020-03-24 19:04:52
sha256:3c3bc64e050f79ccb33ef6853a90177efec40f9bd822f7b2382c724d2b5f20b5,arm64,linux,"Ubuntu 20.04",5.0.0,5.0/runtime/focal/arm64v8/Dockerfile,dotnet/core/runtime,2020-03-24 19:04:55
5.0.0-preview-focal-arm64v8,arm64,linux,"Ubuntu 20.04",5.0.0,5.0/runtime/focal/arm64v8/Dockerfile,dotnet/core/runtime,2020-03-24 19:04:55
5.0-focal-arm64v8,arm64,linux,"Ubuntu 20.04",5.0.0,5.0/runtime/focal/arm64v8/Dockerfile,dotnet/core/runtime,2020-03-24 19:04:55
sha256:3cf98b8e09cbdea2ebeddfd14d1d919a4dc35716108462a0e37e4c18ee29edf1,amd64,linux,"Ubuntu 18.04",2.1.17,2.1/aspnet/bionic/amd64/Dockerfile,dotnet/core/aspnet,2020-03-24 19:04:58
2.1.17-bionic,amd64,linux,"Ubuntu 18.04",2.1.17,2.1/aspnet/bionic/amd64/Dockerfile,dotnet/core/aspnet,2020-03-24 19:04:58
2.1-bionic,amd64,linux,"Ubuntu 18.04",2.1.17,2.1/aspnet/bionic/amd64/Dockerfile,dotnet/core/aspnet,2020-03-24 19:04:58
sha256:f8382743cf8361e72df8d286ad8e211763bef841a1b8a41287f5a866b65a8c1c,arm32,linux,"Ubuntu 18.04",2.1.17,2.1/aspnet/bionic/arm32v7/Dockerfile,dotnet/core/aspnet,2020-03-24 19:05:03
2.1.17-bionic-arm32v7,arm32,linux,"Ubuntu 18.04",2.1.17,2.1/aspnet/bionic/arm32v7/Dockerfile,dotnet/core/aspnet,2020-03-24 19:05:03
2.1-bionic-arm32v7,arm32,linux,"Ubuntu 18.04",2.1.17,2.1/aspnet/bionic/arm32v7/Dockerfile,dotnet/core/aspnet,2020-03-24 19:05:03
sha256:d21bf73e3629a705dd7389517e4bd77baec5f61032b5d449a7b50a637e33dcfb,amd64,linux,"Debian 10",5.0.0,5.0/aspnet/buster-slim/amd64/Dockerfile,dotnet/core/aspnet,2020-03-24 19:05:07
5.0.0-preview-buster-slim,amd64,linux,"Debian 10",5.0.0,5.0/aspnet/buster-slim/amd64/Dockerfile,dotnet/core/aspnet,2020-03-24 19:05:07
5.0-buster-slim,amd64,linux,"Debian 10",5.0.0,5.0/aspnet/buster-slim/amd64/Dockerfile,dotnet/core/aspnet,2020-03-24 19:05:07
sha256:c0aa458c1d06ddca911d83d6fb405408a41e5642e296e0f593e63b3ff1e9815a,arm32,linux,"Debian 10",5.0.0,5.0/aspnet/buster-slim/arm32v7/Dockerfile,dotnet/core/aspnet,2020-03-24 19:05:10
5.0.0-preview-buster-slim-arm32v7,arm32,linux,"Debian 10",5.0.0,5.0/aspnet/buster-slim/arm32v7/Dockerfile,dotnet/core/aspnet,2020-03-24 19:05:10
5.0-buster-slim-arm32v7,arm32,linux,"Debian 10",5.0.0,5.0/aspnet/buster-slim/arm32v7/Dockerfile,dotnet/core/aspnet,2020-03-24 19:05:10
sha256:2d51a44ade30db029101cbc608c687599553adef1e16d7c1e127afa2e91c0238,amd64,linux,"Alpine 3.10",2.1.805,2.1/sdk/alpine3.10/amd64/Dockerfile,dotnet/core/sdk,2020-03-24 19:05:14
2.1.805-alpine3.10,amd64,linux,"Alpine 3.10",2.1.805,2.1/sdk/alpine3.10/amd64/Dockerfile,dotnet/core/sdk,2020-03-24 19:05:14
2.1-alpine3.10,amd64,linux,"Alpine 3.10",2.1.805,2.1/sdk/alpine3.10/amd64/Dockerfile,dotnet/core/sdk,2020-03-24 19:05:14
sha256:f1f755f6104aa851f1712a4d469123c106b678442396c587161d662492092d4f,amd64,linux,"Alpine 3.11",2.1.805,2.1/sdk/alpine3.11/amd64/Dockerfile,dotnet/core/sdk,2020-03-24 19:05:18
2.1.805-alpine3.11,amd64,linux,"Alpine 3.11",2.1.805,2.1/sdk/alpine3.11/amd64/Dockerfile,dotnet/core/sdk,2020-03-24 19:05:18
2.1-alpine3.11,amd64,linux,"Alpine 3.11",2.1.805,2.1/sdk/alpine3.11/amd64/Dockerfile,dotnet/core/sdk,2020-03-24 19:05:18
2.1.805-alpine,amd64,linux,"Alpine 3.11",2.1.805,2.1/sdk/alpine3.11/amd64/Dockerfile,dotnet/core/sdk,2020-03-24 19:05:18
2.1-alpine,amd64,linux,"Alpine 3.11",2.1.805,2.1/sdk/alpine3.11/amd64/Dockerfile,dotnet/core/sdk,2020-03-24 19:05:18
sha256:241b93a323d27e41e92bfb4c8780944b4c6dcbc7d358e4e6c5cb0e4c8698539e,amd64,linux,"Debian 10",5.0.100,5.0/sdk/buster/amd64/Dockerfile,dotnet/core/sdk,2020-03-24 19:05:24
5.0.100-preview-buster,amd64,linux,"Debian 10",5.0.100,5.0/sdk/buster/amd64/Dockerfile,dotnet/core/sdk,2020-03-24 19:05:24
5.0-buster,amd64,linux,"Debian 10",5.0.100,5.0/sdk/buster/amd64/Dockerfile,dotnet/core/sdk,2020-03-24 19:05:24
sha256:ed488a4fa34022eb5f71d8d92951bf9800fb43ae3bd157fc9db32375658e2367,arm32,linux,"Debian 10",5.0.100,5.0/sdk/buster/arm32v7/Dockerfile,dotnet/core/sdk,2020-03-24 19:05:28
5.0.100-preview-buster-arm32v7,arm32,linux,"Debian 10",5.0.100,5.0/sdk/buster/arm32v7/Dockerfile,dotnet/core/sdk,2020-03-24 19:05:28
5.0-buster-arm32v7,arm32,linux,"Debian 10",5.0.100,5.0/sdk/buster/arm32v7/Dockerfile,dotnet/core/sdk,2020-03-24 19:05:28
sha256:9abf78f1d2d2126b4baacc0fdd026c658cca59f3a592ef86390d111a89523d8d,amd64,linux,"Debian 9",2.1.17,2.1/runtime-deps/stretch-slim/amd64/Dockerfile,dotnet/core/runtime-deps,2020-03-24 19:04:31
2.1.17-stretch-slim,amd64,linux,"Debian 9",2.1.17,2.1/runtime-deps/stretch-slim/amd64/Dockerfile,dotnet/core/runtime-deps,2020-03-24 19:04:31
2.1-stretch-slim,amd64,linux,"Debian 9",2.1.17,2.1/runtime-deps/stretch-slim/amd64/Dockerfile,dotnet/core/runtime-deps,2020-03-24 19:04:31
sha256:53761001be89592bf0b07a4d0fb731680b8826a4977eed002c4e77c4b6c68971,arm64,linux,"Ubuntu 18.04",3.1.3,3.1/runtime-deps/bionic/arm64v8/Dockerfile,dotnet/core/runtime-deps,2020-03-24 19:04:35
3.1.3-bionic-arm64v8,arm64,linux,"Ubuntu 18.04",3.1.3,3.1/runtime-deps/bionic/arm64v8/Dockerfile,dotnet/core/runtime-deps,2020-03-24 19:04:35
3.1-bionic-arm64v8,arm64,linux,"Ubuntu 18.04",3.1.3,3.1/runtime-deps/bionic/arm64v8/Dockerfile,dotnet/core/runtime-deps,2020-03-24 19:04:35
sha256:9d00f76865549a9d3ffd972774cede716389c2d3e8c9f65e4fa97a34280e0a5e,amd64,linux,"Debian 9",2.1.17,2.1/runtime/stretch-slim/amd64/Dockerfile,dotnet/core/runtime,2020-03-24 19:04:39
2.1.17-stretch-slim,amd64,linux,"Debian 9",2.1.17,2.1/runtime/stretch-slim/amd64/Dockerfile,dotnet/core/runtime,2020-03-24 19:04:39
2.1-stretch-slim,amd64,linux,"Debian 9",2.1.17,2.1/runtime/stretch-slim/amd64/Dockerfile,dotnet/core/runtime,2020-03-24 19:04:39
sha256:f81ff2a88b5c26c03d37fa078b77a2e02b5af3d353257b485a0e306aa667226d,arm32,linux,"Ubuntu 18.04",2.1.17,2.1/runtime/bionic/arm32v7/Dockerfile,dotnet/core/runtime,2020-03-24 19:04:44
2.1.17-bionic-arm32v7,arm32,linux,"Ubuntu 18.04",2.1.17,2.1/runtime/bionic/arm32v7/Dockerfile,dotnet/core/runtime,2020-03-24 19:04:44
2.1-bionic-arm32v7,arm32,linux,"Ubuntu 18.04",2.1.17,2.1/runtime/bionic/arm32v7/Dockerfile,dotnet/core/runtime,2020-03-24 19:04:44
sha256:118dbb26c2dacce14c0cb37d14727d29ae386e45ffb202a49372929716a7e44b,amd64,windows,"Windows Server, version 1909",3.1.3,3.1/runtime/nanoserver-1909/amd64/Dockerfile,dotnet/core/runtime,2020-03-24 19:04:47
3.1.3-nanoserver-1909,amd64,windows,"Windows Server, version 1909",3.1.3,3.1/runtime/nanoserver-1909/amd64/Dockerfile,dotnet/core/runtime,2020-03-24 19:04:47
3.1-nanoserver-1909,amd64,windows,"Windows Server, version 1909",3.1.3,3.1/runtime/nanoserver-1909/amd64/Dockerfile,dotnet/core/runtime,2020-03-24 19:04:47
sha256:2d1127f28d691c1c0b28c9c31eb69888f40f48cad970600f8ef5e81852b495d8,amd64,linux,"Debian 10",5.0.0,5.0/runtime/buster-slim/amd64/Dockerfile,dotnet/core/runtime,2020-03-24 19:04:51
5.0.0-preview-buster-slim,amd64,linux,"Debian 10",5.0.0,5.0/runtime/buster-slim/amd64/Dockerfile,dotnet/core/runtime,2020-03-24 19:04:51
5.0-buster-slim,amd64,linux,"Debian 10",5.0.0,5.0/runtime/buster-slim/amd64/Dockerfile,dotnet/core/runtime,2020-03-24 19:04:51
sha256:f3e8ec667951fd3799c1a2f19b58106ea4e3a35081449002f70728aaab75764b,arm64,linux,"Alpine 3.11",5.0.0,5.0/runtime/alpine3.11/arm64v8/Dockerfile,dotnet/core/runtime,2020-03-24 19:04:54
5.0.0-preview-alpine3.11-arm64v8,arm64,linux,"Alpine 3.11",5.0.0,5.0/runtime/alpine3.11/arm64v8/Dockerfile,dotnet/core/runtime,2020-03-24 19:04:54
5.0-alpine3.11-arm64v8,arm64,linux,"Alpine 3.11",5.0.0,5.0/runtime/alpine3.11/arm64v8/Dockerfile,dotnet/core/runtime,2020-03-24 19:04:54
5.0.0-preview-alpine-arm64v8,arm64,linux,"Alpine 3.11",5.0.0,5.0/runtime/alpine3.11/arm64v8/Dockerfile,dotnet/core/runtime,2020-03-24 19:04:54
5.0-alpine-arm64v8,arm64,linux,"Alpine 3.11",5.0.0,5.0/runtime/alpine3.11/arm64v8/Dockerfile,dotnet/core/runtime,2020-03-24 19:04:54
sha256:6fe96bb968a0f81eea5de5bfd3802d7257e50143c80c6c3c82ec62c6a666b4c9,amd64,windows,"Windows Server, version 1909",2.1.17,2.1/aspnet/nanoserver-1909/amd64/Dockerfile,dotnet/core/aspnet,2020-03-24 19:04:56
2.1.17-nanoserver-1909,amd64,windows,"Windows Server, version 1909",2.1.17,2.1/aspnet/nanoserver-1909/amd64/Dockerfile,dotnet/core/aspnet,2020-03-24 19:04:56
2.1-nanoserver-1909,amd64,windows,"Windows Server, version 1909",2.1.17,2.1/aspnet/nanoserver-1909/amd64/Dockerfile,dotnet/core/aspnet,2020-03-24 19:04:56
sha256:03e99f0dace0dbb0b0c9177dc356453cab10c6e2973486beb4b1b329346cacb9,amd64,windows,"Windows Server, version 1909",3.1.3,3.1/aspnet/nanoserver-1909/amd64/Dockerfile,dotnet/core/aspnet,2020-03-24 19:05:03
3.1.3-nanoserver-1909,amd64,windows,"Windows Server, version 1909",3.1.3,3.1/aspnet/nanoserver-1909/amd64/Dockerfile,dotnet/core/aspnet,2020-03-24 19:05:03
3.1-nanoserver-1909,amd64,windows,"Windows Server, version 1909",3.1.3,3.1/aspnet/nanoserver-1909/amd64/Dockerfile,dotnet/core/aspnet,2020-03-24 19:05:03
sha256:896e7142b639767f6e9013197a4ebeb8164de349fc308723dfb723dee62ad3de,amd64,linux,"Alpine 3.10",3.1.3,3.1/aspnet/alpine3.10/amd64/Dockerfile,dotnet/core/aspnet,2020-03-24 19:05:07
3.1.3-alpine3.10,amd64,linux,"Alpine 3.10",3.1.3,3.1/aspnet/alpine3.10/amd64/Dockerfile,dotnet/core/aspnet,2020-03-24 19:05:07
3.1-alpine3.10,amd64,linux,"Alpine 3.10",3.1.3,3.1/aspnet/alpine3.10/amd64/Dockerfile,dotnet/core/aspnet,2020-03-24 19:05:07
sha256:df51378ef0a6d51b2a928d8dbe5c56f357c57e3ad0f9bb2743785e98ac622015,arm32,windows,"Windows Server 2019",5.0.0,5.0/aspnet/nanoserver-1809/arm32v7/Dockerfile,dotnet/core/aspnet,2020-03-24 19:05:09
5.0.0-preview-nanoserver-1809-arm32v7,arm32,windows,"Windows Server 2019",5.0.0,5.0/aspnet/nanoserver-1809/arm32v7/Dockerfile,dotnet/core/aspnet,2020-03-24 19:05:09
5.0-nanoserver-1809-arm32v7,arm32,windows,"Windows Server 2019",5.0.0,5.0/aspnet/nanoserver-1809/arm32v7/Dockerfile,dotnet/core/aspnet,2020-03-24 19:05:09
sha256:321a1dcba280d76dea93273f03ca24cfae565632f37571deae7a420fca30b3c9,amd64,windows,"Windows Server, version 1903",5.0.0,5.0/aspnet/nanoserver-1903/amd64/Dockerfile,dotnet/core/aspnet,2020-03-24 19:05:12
5.0.0-preview-nanoserver-1903,amd64,windows,"Windows Server, version 1903",5.0.0,5.0/aspnet/nanoserver-1903/amd64/Dockerfile,dotnet/core/aspnet,2020-03-24 19:05:12
5.0-nanoserver-1903,amd64,windows,"Windows Server, version 1903",5.0.0,5.0/aspnet/nanoserver-1903/amd64/Dockerfile,dotnet/core/aspnet,2020-03-24 19:05:12
sha256:34ccb9d5c31ab5a9f3f4520256cf0b6ce33d36df78e7f6fff6cd13da4dcda10d,amd64,linux,"Debian 10",3.1.201,3.1/sdk/buster/amd64/Dockerfile,dotnet/core/sdk,2020-03-24 19:05:15
3.1.201-buster,amd64,linux,"Debian 10",3.1.201,3.1/sdk/buster/amd64/Dockerfile,dotnet/core/sdk,2020-03-24 19:05:15
3.1-buster,amd64,linux,"Debian 10",3.1.201,3.1/sdk/buster/amd64/Dockerfile,dotnet/core/sdk,2020-03-24 19:05:15
sha256:ac77e52767e3d751937648ae640e6f3f689b484d0cbe54364e4901060ea98c74,arm32,linux,"Debian 10",3.1.201,3.1/sdk/buster/arm32v7/Dockerfile,dotnet/core/sdk,2020-03-24 19:05:19
3.1.201-buster-arm32v7,arm32,linux,"Debian 10",3.1.201,3.1/sdk/buster/arm32v7/Dockerfile,dotnet/core/sdk,2020-03-24 19:05:19
3.1-buster-arm32v7,arm32,linux,"Debian 10",3.1.201,3.1/sdk/buster/arm32v7/Dockerfile,dotnet/core/sdk,2020-03-24 19:05:19
sha256:85c853dd82a886a548435014d790e3834ceb0a348697bc1dc96b12a10bc2f65d,arm32,windows,"Windows Server 2019",5.0.100,5.0/sdk/nanoserver-1809/arm32v7/Dockerfile,dotnet/core/sdk,2020-03-24 19:05:24
5.0.100-preview-nanoserver-1809-arm32v7,arm32,windows,"Windows Server 2019",5.0.100,5.0/sdk/nanoserver-1809/arm32v7/Dockerfile,dotnet/core/sdk,2020-03-24 19:05:24
5.0-nanoserver-1809-arm32v7,arm32,windows,"Windows Server 2019",5.0.100,5.0/sdk/nanoserver-1809/arm32v7/Dockerfile,dotnet/core/sdk,2020-03-24 19:05:24
sha256:6679f5dba572acc02a1cc2da2bd7695279584bb98b417f7e6e102e602b9270fc,amd64,windows,"Windows Server, version 1903",5.0.100,5.0/sdk/nanoserver-1903/amd64/Dockerfile,dotnet/core/sdk,2020-03-24 19:05:28
5.0.100-preview-nanoserver-1903,amd64,windows,"Windows Server, version 1903",5.0.100,5.0/sdk/nanoserver-1903/amd64/Dockerfile,dotnet/core/sdk,2020-03-24 19:05:28
5.0-nanoserver-1903,amd64,windows,"Windows Server, version 1903",5.0.100,5.0/sdk/nanoserver-1903/amd64/Dockerfile,dotnet/core/sdk,2020-03-24 19:05:28
sha256:397326a16baf93f23dda6e54b968e6cec260aab8c63b7b287c7156d041d33fd1,amd64,linux,"Alpine 3.10",2.1.17,2.1/runtime-deps/alpine3.10/amd64/Dockerfile,dotnet/core/runtime-deps,2020-03-24 19:04:30
2.1.17-alpine3.10,amd64,linux,"Alpine 3.10",2.1.17,2.1/runtime-deps/alpine3.10/amd64/Dockerfile,dotnet/core/runtime-deps,2020-03-24 19:04:30
2.1-alpine3.10,amd64,linux,"Alpine 3.10",2.1.17,2.1/runtime-deps/alpine3.10/amd64/Dockerfile,dotnet/core/runtime-deps,2020-03-24 19:04:30
sha256:64294e7a1aeb45ec910572bc5b18fadd9b915732d3eebd0901f6c5c84b1aee31,amd64,linux,"Alpine 3.10",3.1.3,3.1/runtime-deps/alpine3.10/amd64/Dockerfile,dotnet/core/runtime-deps,2020-03-24 19:04:35
3.1.3-alpine3.10,amd64,linux,"Alpine 3.10",3.1.3,3.1/runtime-deps/alpine3.10/amd64/Dockerfile,dotnet/core/runtime-deps,2020-03-24 19:04:35
3.1-alpine3.10,amd64,linux,"Alpine 3.10",3.1.3,3.1/runtime-deps/alpine3.10/amd64/Dockerfile,dotnet/core/runtime-deps,2020-03-24 19:04:35
sha256:55f9c3f8f8167b9f938480eaa242c902db06c9fc9917e3a0ca232d36ff2fad15,amd64,linux,"Ubuntu 20.04",5.0.0,5.0/runtime-deps/focal/amd64/Dockerfile,dotnet/core/runtime-deps,2020-03-24 19:04:39
5.0.0-preview-focal,amd64,linux,"Ubuntu 20.04",5.0.0,5.0/runtime-deps/focal/amd64/Dockerfile,dotnet/core/runtime-deps,2020-03-24 19:04:39
5.0-focal,amd64,linux,"Ubuntu 20.04",5.0.0,5.0/runtime-deps/focal/amd64/Dockerfile,dotnet/core/runtime-deps,2020-03-24 19:04:39
sha256:ea256b7cc26e1fab46cbaa8a3ad985361684e85753d4a78c7f1523191c17d502,amd64,linux,"Ubuntu 18.04",2.1.17,2.1/runtime/bionic/amd64/Dockerfile,dotnet/core/runtime,2020-03-24 19:04:44
2.1.17-bionic,amd64,linux,"Ubuntu 18.04",2.1.17,2.1/runtime/bionic/amd64/Dockerfile,dotnet/core/runtime,2020-03-24 19:04:44
2.1-bionic,amd64,linux,"Ubuntu 18.04",2.1.17,2.1/runtime/bionic/amd64/Dockerfile,dotnet/core/runtime,2020-03-24 19:04:44
sha256:27b799e4207605863f1ed9ecf42fa0cfc1af1374197eabd1a4c1a910b3e77083,amd64,linux,"Alpine 3.10",3.1.3,3.1/runtime/alpine3.10/amd64/Dockerfile,dotnet/core/runtime,2020-03-24 19:04:48
3.1.3-alpine3.10,amd64,linux,"Alpine 3.10",3.1.3,3.1/runtime/alpine3.10/amd64/Dockerfile,dotnet/core/runtime,2020-03-24 19:04:48
3.1-alpine3.10,amd64,linux,"Alpine 3.10",3.1.3,3.1/runtime/alpine3.10/amd64/Dockerfile,dotnet/core/runtime,2020-03-24 19:04:48
sha256:e5e3a329374e42a9c7e0ca3c976460c6e31cf3600c5cef072901090060c8b036,arm32,linux,"Debian 10",5.0.0,5.0/runtime/buster-slim/arm32v7/Dockerfile,dotnet/core/runtime,2020-03-24 19:04:51
5.0.0-preview-buster-slim-arm32v7,arm32,linux,"Debian 10",5.0.0,5.0/runtime/buster-slim/arm32v7/Dockerfile,dotnet/core/runtime,2020-03-24 19:04:51
5.0-buster-slim-arm32v7,arm32,linux,"Debian 10",5.0.0,5.0/runtime/buster-slim/arm32v7/Dockerfile,dotnet/core/runtime,2020-03-24 19:04:51
sha256:7c4a0ce42fed2bc89f457b9d8cf7cbc42314fac66e8993b646b8f32efec16e06,amd64,linux,"Ubuntu 20.04",5.0.0,5.0/runtime/focal/amd64/Dockerfile,dotnet/core/runtime,2020-03-24 19:04:54
5.0.0-preview-focal,amd64,linux,"Ubuntu 20.04",5.0.0,5.0/runtime/focal/amd64/Dockerfile,dotnet/core/runtime,2020-03-24 19:04:54
5.0-focal,amd64,linux,"Ubuntu 20.04",5.0.0,5.0/runtime/focal/amd64/Dockerfile,dotnet/core/runtime,2020-03-24 19:04:54
sha256:2cf7d46ffb5bf30780f65e114014a62e9ee0f5b2e667f881b2d289d88e828168,amd64,linux,"Alpine 3.10",2.1.17,2.1/aspnet/alpine3.10/amd64/Dockerfile,dotnet/core/aspnet,2020-03-24 19:04:57
2.1.17-alpine3.10,amd64,linux,"Alpine 3.10",2.1.17,2.1/aspnet/alpine3.10/amd64/Dockerfile,dotnet/core/aspnet,2020-03-24 19:04:57
2.1-alpine3.10,amd64,linux,"Alpine 3.10",2.1.17,2.1/aspnet/alpine3.10/amd64/Dockerfile,dotnet/core/aspnet,2020-03-24 19:04:57
sha256:21a6da8815bfe104e95862cf5e83f7a3a21d8190830f486a38ae2c11646f34e8,arm32,linux,"Ubuntu 18.04",3.1.3,3.1/aspnet/bionic/arm32v7/Dockerfile,dotnet/core/aspnet,2020-03-24 19:05:03
3.1.3-bionic-arm32v7,arm32,linux,"Ubuntu 18.04",3.1.3,3.1/aspnet/bionic/arm32v7/Dockerfile,dotnet/core/aspnet,2020-03-24 19:05:03
3.1-bionic-arm32v7,arm32,linux,"Ubuntu 18.04",3.1.3,3.1/aspnet/bionic/arm32v7/Dockerfile,dotnet/core/aspnet,2020-03-24 19:05:03
sha256:3e2dccff7847c4ee172b38b547f620533405c70241effc3761c51acb1e0b4e8a,arm64,linux,"Ubuntu 18.04",3.1.3,3.1/aspnet/bionic/arm64v8/Dockerfile,dotnet/core/aspnet,2020-03-24 19:05:07
3.1.3-bionic-arm64v8,arm64,linux,"Ubuntu 18.04",3.1.3,3.1/aspnet/bionic/arm64v8/Dockerfile,dotnet/core/aspnet,2020-03-24 19:05:07
3.1-bionic-arm64v8,arm64,linux,"Ubuntu 18.04",3.1.3,3.1/aspnet/bionic/arm64v8/Dockerfile,dotnet/core/aspnet,2020-03-24 19:05:07
sha256:88fdde94f0b27614cc155240798e6c0da74e779f6eb2de455132400a634816a3,amd64,windows,"Windows Server, version 1909",5.0.0,5.0/aspnet/nanoserver-1909/amd64/Dockerfile,dotnet/core/aspnet,2020-03-24 19:05:10
5.0.0-preview-nanoserver-1909,amd64,windows,"Windows Server, version 1909",5.0.0,5.0/aspnet/nanoserver-1909/amd64/Dockerfile,dotnet/core/aspnet,2020-03-24 19:05:10
5.0-nanoserver-1909,amd64,windows,"Windows Server, version 1909",5.0.0,5.0/aspnet/nanoserver-1909/amd64/Dockerfile,dotnet/core/aspnet,2020-03-24 19:05:10
sha256:6bc66a8205945e1d3ca6c646d3144dff698b74152224b9b9742a8ee250bcb4b0,amd64,linux,"Alpine 3.11",5.0.0,5.0/aspnet/alpine3.11/amd64/Dockerfile,dotnet/core/aspnet,2020-03-24 19:05:15
5.0.0-preview-alpine3.11,amd64,linux,"Alpine 3.11",5.0.0,5.0/aspnet/alpine3.11/amd64/Dockerfile,dotnet/core/aspnet,2020-03-24 19:05:15
5.0-alpine3.11,amd64,linux,"Alpine 3.11",5.0.0,5.0/aspnet/alpine3.11/amd64/Dockerfile,dotnet/core/aspnet,2020-03-24 19:05:15
5.0.0-preview-alpine,amd64,linux,"Alpine 3.11",5.0.0,5.0/aspnet/alpine3.11/amd64/Dockerfile,dotnet/core/aspnet,2020-03-24 19:05:15
5.0-alpine,amd64,linux,"Alpine 3.11",5.0.0,5.0/aspnet/alpine3.11/amd64/Dockerfile,dotnet/core/aspnet,2020-03-24 19:05:15
sha256:bd12734b7b538e4b8de0102a65738fde7ea3beac3c9e513d71ede449cd39f53f,amd64,linux,"Alpine 3.11",3.1.201,3.1/sdk/alpine3.11/amd64/Dockerfile,dotnet/core/sdk,2020-03-24 19:05:18
3.1.201-alpine3.11,amd64,linux,"Alpine 3.11",3.1.201,3.1/sdk/alpine3.11/amd64/Dockerfile,dotnet/core/sdk,2020-03-24 19:05:18
3.1-alpine3.11,amd64,linux,"Alpine 3.11",3.1.201,3.1/sdk/alpine3.11/amd64/Dockerfile,dotnet/core/sdk,2020-03-24 19:05:18
3.1.201-alpine,amd64,linux,"Alpine 3.11",3.1.201,3.1/sdk/alpine3.11/amd64/Dockerfile,dotnet/core/sdk,2020-03-24 19:05:18
3.1-alpine,amd64,linux,"Alpine 3.11",3.1.201,3.1/sdk/alpine3.11/amd64/Dockerfile,dotnet/core/sdk,2020-03-24 19:05:18
sha256:d52cb336ccac19580e811a8cb935cffd8d0302e89fcad02a07a707008e40e3df,amd64,linux,"Ubuntu 18.04",3.1.201,3.1/sdk/bionic/amd64/Dockerfile,dotnet/core/sdk,2020-03-24 19:05:24
3.1.201-bionic,amd64,linux,"Ubuntu 18.04",3.1.201,3.1/sdk/bionic/amd64/Dockerfile,dotnet/core/sdk,2020-03-24 19:05:24
3.1-bionic,amd64,linux,"Ubuntu 18.04",3.1.201,3.1/sdk/bionic/amd64/Dockerfile,dotnet/core/sdk,2020-03-24 19:05:24
sha256:860111fed66c8b6738226664d202a68f7ad2929e9becd2725e5cee9f79dfda61,arm32,linux,"Debian 10",3.1.3,3.1/runtime-deps/buster-slim/arm32v7/Dockerfile,dotnet/core/runtime-deps,2020-03-24 19:04:30
3.1.3-buster-slim-arm32v7,arm32,linux,"Debian 10",3.1.3,3.1/runtime-deps/buster-slim/arm32v7/Dockerfile,dotnet/core/runtime-deps,2020-03-24 19:04:30
3.1-buster-slim-arm32v7,arm32,linux,"Debian 10",3.1.3,3.1/runtime-deps/buster-slim/arm32v7/Dockerfile,dotnet/core/runtime-deps,2020-03-24 19:04:30
sha256:d02db6fa1fb6a5f2b5be7cfa96b4caf64538d27b60c5a76b0da4312278f97ee1,amd64,linux,"Ubuntu 18.04",3.1.3,3.1/runtime-deps/bionic/amd64/Dockerfile,dotnet/core/runtime-deps,2020-03-24 19:04:35
3.1.3-bionic,amd64,linux,"Ubuntu 18.04",3.1.3,3.1/runtime-deps/bionic/amd64/Dockerfile,dotnet/core/runtime-deps,2020-03-24 19:04:35
3.1-bionic,amd64,linux,"Ubuntu 18.04",3.1.3,3.1/runtime-deps/bionic/amd64/Dockerfile,dotnet/core/runtime-deps,2020-03-24 19:04:35
sha256:da7067453488d4a9fc6a142d00b2fb11b9cbae3f62d9c517c95ad7d4f47e5792,arm64,linux,"Alpine 3.11",5.0.0,5.0/runtime-deps/alpine3.11/arm64v8/Dockerfile,dotnet/core/runtime-deps,2020-03-24 19:04:39
5.0.0-preview-alpine3.11-arm64v8,arm64,linux,"Alpine 3.11",5.0.0,5.0/runtime-deps/alpine3.11/arm64v8/Dockerfile,dotnet/core/runtime-deps,2020-03-24 19:04:39
5.0-alpine3.11-arm64v8,arm64,linux,"Alpine 3.11",5.0.0,5.0/runtime-deps/alpine3.11/arm64v8/Dockerfile,dotnet/core/runtime-deps,2020-03-24 19:04:39
5.0.0-preview-alpine-arm64v8,arm64,linux,"Alpine 3.11",5.0.0,5.0/runtime-deps/alpine3.11/arm64v8/Dockerfile,dotnet/core/runtime-deps,2020-03-24 19:04:39
5.0-alpine-arm64v8,arm64,linux,"Alpine 3.11",5.0.0,5.0/runtime-deps/alpine3.11/arm64v8/Dockerfile,dotnet/core/runtime-deps,2020-03-24 19:04:39
sha256:579c2889040893850e4250e1498aecc0ca6f9d9f2957925f9732107ae4eaf9af,amd64,linux,"Alpine 3.10",2.1.17,2.1/runtime/alpine3.10/amd64/Dockerfile,dotnet/core/runtime,2020-03-24 19:04:43
2.1.17-alpine3.10,amd64,linux,"Alpine 3.10",2.1.17,2.1/runtime/alpine3.10/amd64/Dockerfile,dotnet/core/runtime,2020-03-24 19:04:43
2.1-alpine3.10,amd64,linux,"Alpine 3.10",2.1.17,2.1/runtime/alpine3.10/amd64/Dockerfile,dotnet/core/runtime,2020-03-24 19:04:43
sha256:6dd8d5df56f9774b628ee14960581540b47763d13e3233dd49c32830350b9e8b,amd64,windows,"Windows Server 2019",3.1.3,3.1/runtime/nanoserver-1809/amd64/Dockerfile,dotnet/core/runtime,2020-03-24 19:04:47
3.1.3-nanoserver-1809,amd64,windows,"Windows Server 2019",3.1.3,3.1/runtime/nanoserver-1809/amd64/Dockerfile,dotnet/core/runtime,2020-03-24 19:04:47
3.1-nanoserver-1809,amd64,windows,"Windows Server 2019",3.1.3,3.1/runtime/nanoserver-1809/amd64/Dockerfile,dotnet/core/runtime,2020-03-24 19:04:47
sha256:9d7763e1b4b0fae9a8a5b0ff33bfd7d77b64d666da47e852dad5277599972791,arm64,linux,"Alpine 3.11",3.1.3,3.1/runtime/alpine3.11/arm64v8/Dockerfile,dotnet/core/runtime,2020-03-24 19:04:50
3.1.3-alpine3.11-arm64v8,arm64,linux,"Alpine 3.11",3.1.3,3.1/runtime/alpine3.11/arm64v8/Dockerfile,dotnet/core/runtime,2020-03-24 19:04:50
3.1-alpine3.11-arm64v8,arm64,linux,"Alpine 3.11",3.1.3,3.1/runtime/alpine3.11/arm64v8/Dockerfile,dotnet/core/runtime,2020-03-24 19:04:50
3.1.3-alpine-arm64v8,arm64,linux,"Alpine 3.11",3.1.3,3.1/runtime/alpine3.11/arm64v8/Dockerfile,dotnet/core/runtime,2020-03-24 19:04:50
3.1-alpine-arm64v8,arm64,linux,"Alpine 3.11",3.1.3,3.1/runtime/alpine3.11/arm64v8/Dockerfile,dotnet/core/runtime,2020-03-24 19:04:50
sha256:21c64bd473cbda44aec23c19914c4c461a697a4087fe25437ef0414a23ab9582,arm32,windows,"Windows Server 2019",5.0.0,5.0/runtime/nanoserver-1809/arm32v7/Dockerfile,dotnet/core/runtime,2020-03-24 19:04:54
5.0.0-preview-nanoserver-1809-arm32v7,arm32,windows,"Windows Server 2019",5.0.0,5.0/runtime/nanoserver-1809/arm32v7/Dockerfile,dotnet/core/runtime,2020-03-24 19:04:54
5.0-nanoserver-1809-arm32v7,arm32,windows,"Windows Server 2019",5.0.0,5.0/runtime/nanoserver-1809/arm32v7/Dockerfile,dotnet/core/runtime,2020-03-24 19:04:54
sha256:3c325184529cfe5945e3d647387dc836c6f2e6e9d5c4367c8474c842520e9181,amd64,linux,"Alpine 3.11",2.1.17,2.1/aspnet/alpine3.11/amd64/Dockerfile,dotnet/core/aspnet,2020-03-24 19:04:57
2.1.17-alpine3.11,amd64,linux,"Alpine 3.11",2.1.17,2.1/aspnet/alpine3.11/amd64/Dockerfile,dotnet/core/aspnet,2020-03-24 19:04:57
2.1-alpine3.11,amd64,linux,"Alpine 3.11",2.1.17,2.1/aspnet/alpine3.11/amd64/Dockerfile,dotnet/core/aspnet,2020-03-24 19:04:57
2.1.17-alpine,amd64,linux,"Alpine 3.11",2.1.17,2.1/aspnet/alpine3.11/amd64/Dockerfile,dotnet/core/aspnet,2020-03-24 19:04:57
2.1-alpine,amd64,linux,"Alpine 3.11",2.1.17,2.1/aspnet/alpine3.11/amd64/Dockerfile,dotnet/core/aspnet,2020-03-24 19:04:57
sha256:f667ed2791f327ec29702d9fb71a83467e708ff14b29cda68b168db5c2bd23b7,arm64,linux,"Alpine 3.11",3.1.3,3.1/aspnet/alpine3.11/arm64v8/Dockerfile,dotnet/core/aspnet,2020-03-24 19:05:03
3.1.3-alpine3.11-arm64v8,arm64,linux,"Alpine 3.11",3.1.3,3.1/aspnet/alpine3.11/arm64v8/Dockerfile,dotnet/core/aspnet,2020-03-24 19:05:03
3.1-alpine3.11-arm64v8,arm64,linux,"Alpine 3.11",3.1.3,3.1/aspnet/alpine3.11/arm64v8/Dockerfile,dotnet/core/aspnet,2020-03-24 19:05:03
3.1.3-alpine-arm64v8,arm64,linux,"Alpine 3.11",3.1.3,3.1/aspnet/alpine3.11/arm64v8/Dockerfile,dotnet/core/aspnet,2020-03-24 19:05:03
3.1-alpine-arm64v8,arm64,linux,"Alpine 3.11",3.1.3,3.1/aspnet/alpine3.11/arm64v8/Dockerfile,dotnet/core/aspnet,2020-03-24 19:05:03
sha256:fe6dda15861eba26cb0df2052157256e03fbccce19b216e3f4b4a8ae9bc7c734,amd64,linux,"Ubuntu 18.04",3.1.3,3.1/aspnet/bionic/amd64/Dockerfile,dotnet/core/aspnet,2020-03-24 19:05:07
3.1.3-bionic,amd64,linux,"Ubuntu 18.04",3.1.3,3.1/aspnet/bionic/amd64/Dockerfile,dotnet/core/aspnet,2020-03-24 19:05:07
3.1-bionic,amd64,linux,"Ubuntu 18.04",3.1.3,3.1/aspnet/bionic/amd64/Dockerfile,dotnet/core/aspnet,2020-03-24 19:05:07
sha256:8b3f23d3e03e1eaed7f65f75dcf6557ace4eea88ad8c4dbc09c43055b6bb07a9,arm64,linux,"Alpine 3.11",5.0.0,5.0/aspnet/alpine3.11/arm64v8/Dockerfile,dotnet/core/aspnet,2020-03-24 19:05:10
5.0.0-preview-alpine3.11-arm64v8,arm64,linux,"Alpine 3.11",5.0.0,5.0/aspnet/alpine3.11/arm64v8/Dockerfile,dotnet/core/aspnet,2020-03-24 19:05:10
5.0-alpine3.11-arm64v8,arm64,linux,"Alpine 3.11",5.0.0,5.0/aspnet/alpine3.11/arm64v8/Dockerfile,dotnet/core/aspnet,2020-03-24 19:05:10
5.0.0-preview-alpine-arm64v8,arm64,linux,"Alpine 3.11",5.0.0,5.0/aspnet/alpine3.11/arm64v8/Dockerfile,dotnet/core/aspnet,2020-03-24 19:05:10
5.0-alpine-arm64v8,arm64,linux,"Alpine 3.11",5.0.0,5.0/aspnet/alpine3.11/arm64v8/Dockerfile,dotnet/core/aspnet,2020-03-24 19:05:10
sha256:ae582ee0bcab75d2950c9888a583e3baf0005b84ef98fab722d0cfcb629d8453,amd64,linux,"Ubuntu 20.04",5.0.0,5.0/aspnet/focal/amd64/Dockerfile,dotnet/core/aspnet,2020-03-24 19:05:14
5.0.0-preview-focal,amd64,linux,"Ubuntu 20.04",5.0.0,5.0/aspnet/focal/amd64/Dockerfile,dotnet/core/aspnet,2020-03-24 19:05:14
5.0-focal,amd64,linux,"Ubuntu 20.04",5.0.0,5.0/aspnet/focal/amd64/Dockerfile,dotnet/core/aspnet,2020-03-24 19:05:14
sha256:11a8742b0c1478cd0886969d9682a1f233bf5a8c5301d08aaeb6730a18d4ea9d,arm64,linux,"Debian 10",3.1.201,3.1/sdk/buster/arm64v8/Dockerfile,dotnet/core/sdk,2020-03-24 19:05:17
3.1.201-buster-arm64v8,arm64,linux,"Debian 10",3.1.201,3.1/sdk/buster/arm64v8/Dockerfile,dotnet/core/sdk,2020-03-24 19:05:17
3.1-buster-arm64v8,arm64,linux,"Debian 10",3.1.201,3.1/sdk/buster/arm64v8/Dockerfile,dotnet/core/sdk,2020-03-24 19:05:17
sha256:155ee8d4ad48caeab4bb47a82e5d1b5aee3f7df0a4ad238590ee66c18ae7bb7c,amd64,windows,"Windows Server 2019",3.1.201,3.1/sdk/nanoserver-1809/amd64/Dockerfile,dotnet/core/sdk,2020-03-24 19:05:22
3.1.201-nanoserver-1809,amd64,windows,"Windows Server 2019",3.1.201,3.1/sdk/nanoserver-1809/amd64/Dockerfile,dotnet/core/sdk,2020-03-24 19:05:22
3.1-nanoserver-1809,amd64,windows,"Windows Server 2019",3.1.201,3.1/sdk/nanoserver-1809/amd64/Dockerfile,dotnet/core/sdk,2020-03-24 19:05:22
sha256:79cb41ea061ee6972a5859086734a4c83eeb52a3c4ef9a9b47592f6a3fff344c,amd64,windows,"Windows Server, version 1909",5.0.100,5.0/sdk/nanoserver-1909/amd64/Dockerfile,dotnet/core/sdk,2020-03-24 19:05:26
5.0.100-preview-nanoserver-1909,amd64,windows,"Windows Server, version 1909",5.0.100,5.0/sdk/nanoserver-1909/amd64/Dockerfile,dotnet/core/sdk,2020-03-24 19:05:26
5.0-nanoserver-1909,amd64,windows,"Windows Server, version 1909",5.0.100,5.0/sdk/nanoserver-1909/amd64/Dockerfile,dotnet/core/sdk,2020-03-24 19:05:26
sha256:418fc85d7ac861323ff8afabaedfdd94ded6d093a6c40fe5186220c8b1355896,amd64,linux,"Alpine 3.11",5.0.100,5.0/sdk/alpine3.11/amd64/Dockerfile,dotnet/core/sdk,2020-03-24 19:05:28
5.0.100-preview-alpine3.11,amd64,linux,"Alpine 3.11",5.0.100,5.0/sdk/alpine3.11/amd64/Dockerfile,dotnet/core/sdk,2020-03-24 19:05:28
5.0-alpine3.11,amd64,linux,"Alpine 3.11",5.0.100,5.0/sdk/alpine3.11/amd64/Dockerfile,dotnet/core/sdk,2020-03-24 19:05:28
5.0.100-preview-alpine,amd64,linux,"Alpine 3.11",5.0.100,5.0/sdk/alpine3.11/amd64/Dockerfile,dotnet/core/sdk,2020-03-24 19:05:28
5.0-alpine,amd64,linux,"Alpine 3.11",5.0.100,5.0/sdk/alpine3.11/amd64/Dockerfile,dotnet/core/sdk,2020-03-24 19:05:28
sha256:d4e002fd5dbb108f9895a8db06c000d9c4514f1a7e57f406b20c01470d35fd0c,amd64,linux,"Alpine 3.11",2.1.17,2.1/runtime-deps/alpine3.11/amd64/Dockerfile,dotnet/core/runtime-deps,2020-03-24 19:04:30
2.1.17-alpine3.11,amd64,linux,"Alpine 3.11",2.1.17,2.1/runtime-deps/alpine3.11/amd64/Dockerfile,dotnet/core/runtime-deps,2020-03-24 19:04:30
2.1-alpine3.11,amd64,linux,"Alpine 3.11",2.1.17,2.1/runtime-deps/alpine3.11/amd64/Dockerfile,dotnet/core/runtime-deps,2020-03-24 19:04:30
2.1.17-alpine,amd64,linux,"Alpine 3.11",2.1.17,2.1/runtime-deps/alpine3.11/amd64/Dockerfile,dotnet/core/runtime-deps,2020-03-24 19:04:30
2.1-alpine,amd64,linux,"Alpine 3.11",2.1.17,2.1/runtime-deps/alpine3.11/amd64/Dockerfile,dotnet/core/runtime-deps,2020-03-24 19:04:30
sha256:78c7761bb40ef0fca2e1d65c2861972cc23caf19c36d3bfbf99cdb15ce96a4dd,arm64,linux,"Alpine 3.10",3.1.3,3.1/runtime-deps/alpine3.10/arm64v8/Dockerfile,dotnet/core/runtime-deps,2020-03-24 19:04:34
3.1.3-alpine3.10-arm64v8,arm64,linux,"Alpine 3.10",3.1.3,3.1/runtime-deps/alpine3.10/arm64v8/Dockerfile,dotnet/core/runtime-deps,2020-03-24 19:04:34
3.1-alpine3.10-arm64v8,arm64,linux,"Alpine 3.10",3.1.3,3.1/runtime-deps/alpine3.10/arm64v8/Dockerfile,dotnet/core/runtime-deps,2020-03-24 19:04:34
sha256:13a32428971f1bf926c2c1f5e857a36a877aa0de3df28a76d27778df69558471,amd64,linux,"Alpine 3.11",5.0.0,5.0/runtime-deps/alpine3.11/amd64/Dockerfile,dotnet/core/runtime-deps,2020-03-24 19:04:39
5.0.0-preview-alpine3.11,amd64,linux,"Alpine 3.11",5.0.0,5.0/runtime-deps/alpine3.11/amd64/Dockerfile,dotnet/core/runtime-deps,2020-03-24 19:04:39
5.0-alpine3.11,amd64,linux,"Alpine 3.11",5.0.0,5.0/runtime-deps/alpine3.11/amd64/Dockerfile,dotnet/core/runtime-deps,2020-03-24 19:04:39
5.0.0-preview-alpine,amd64,linux,"Alpine 3.11",5.0.0,5.0/runtime-deps/alpine3.11/amd64/Dockerfile,dotnet/core/runtime-deps,2020-03-24 19:04:39
5.0-alpine,amd64,linux,"Alpine 3.11",5.0.0,5.0/runtime-deps/alpine3.11/amd64/Dockerfile,dotnet/core/runtime-deps,2020-03-24 19:04:39
sha256:baa549566b14b20fc6a750e348baffd6ba662963f52f5a7084dc0db7e7ae3de6,amd64,windows,"Windows Server, version 1909",2.1.17,2.1/runtime/nanoserver-1909/amd64/Dockerfile,dotnet/core/runtime,2020-03-24 19:04:43
2.1.17-nanoserver-1909,amd64,windows,"Windows Server, version 1909",2.1.17,2.1/runtime/nanoserver-1909/amd64/Dockerfile,dotnet/core/runtime,2020-03-24 19:04:43
2.1-nanoserver-1909,amd64,windows,"Windows Server, version 1909",2.1.17,2.1/runtime/nanoserver-1909/amd64/Dockerfile,dotnet/core/runtime,2020-03-24 19:04:43
sha256:490bccb2f8840d72c1ad690d4d1e2a16c62dd274a0e0cc9d45ca72beb3c3436a,arm32,windows,"Windows Server 2019",3.1.3,3.1/runtime/nanoserver-1809/arm32v7/Dockerfile,dotnet/core/runtime,2020-03-24 19:04:47
3.1.3-nanoserver-1809-arm32v7,arm32,windows,"Windows Server 2019",3.1.3,3.1/runtime/nanoserver-1809/arm32v7/Dockerfile,dotnet/core/runtime,2020-03-24 19:04:47
3.1-nanoserver-1809-arm32v7,arm32,windows,"Windows Server 2019",3.1.3,3.1/runtime/nanoserver-1809/arm32v7/Dockerfile,dotnet/core/runtime,2020-03-24 19:04:47
sha256:529bb5201eca5832b05a7cac194d5650df3bc4bcec40740bb9cf2970bb16946f,arm64,linux,"Ubuntu 18.04",3.1.3,3.1/runtime/bionic/arm64v8/Dockerfile,dotnet/core/runtime,2020-03-24 19:04:50
3.1.3-bionic-arm64v8,arm64,linux,"Ubuntu 18.04",3.1.3,3.1/runtime/bionic/arm64v8/Dockerfile,dotnet/core/runtime,2020-03-24 19:04:50
3.1-bionic-arm64v8,arm64,linux,"Ubuntu 18.04",3.1.3,3.1/runtime/bionic/arm64v8/Dockerfile,dotnet/core/runtime,2020-03-24 19:04:50
sha256:d4cdacfd8d3a48650e2f500e5e4c06bcf1ad59d8034a684e3c25f5550569fc1c,amd64,windows,"Windows Server, version 1903",5.0.0,5.0/runtime/nanoserver-1903/amd64/Dockerfile,dotnet/core/runtime,2020-03-24 19:04:53
5.0.0-preview-nanoserver-1903,amd64,windows,"Windows Server, version 1903",5.0.0,5.0/runtime/nanoserver-1903/amd64/Dockerfile,dotnet/core/runtime,2020-03-24 19:04:53
5.0-nanoserver-1903,amd64,windows,"Windows Server, version 1903",5.0.0,5.0/runtime/nanoserver-1903/amd64/Dockerfile,dotnet/core/runtime,2020-03-24 19:04:53
sha256:87b84f4588eb6064b5f15c00430dfb37efd8a71517029363c9a532b5fa27ee58,arm32,linux,"Debian 9",2.1.17,2.1/aspnet/stretch-slim/arm32v7/Dockerfile,dotnet/core/aspnet,2020-03-24 19:04:56
2.1.17-stretch-slim-arm32v7,arm32,linux,"Debian 9",2.1.17,2.1/aspnet/stretch-slim/arm32v7/Dockerfile,dotnet/core/aspnet,2020-03-24 19:04:56
2.1-stretch-slim-arm32v7,arm32,linux,"Debian 9",2.1.17,2.1/aspnet/stretch-slim/arm32v7/Dockerfile,dotnet/core/aspnet,2020-03-24 19:04:56
sha256:52f0bb56dbde63add1f8440b7299103251bab740477e6c7de50f8af9e5f8a1b1,arm32,windows,"Windows Server 2019",3.1.3,3.1/aspnet/nanoserver-1809/arm32v7/Dockerfile,dotnet/core/aspnet,2020-03-24 19:05:03
3.1.3-nanoserver-1809-arm32v7,arm32,windows,"Windows Server 2019",3.1.3,3.1/aspnet/nanoserver-1809/arm32v7/Dockerfile,dotnet/core/aspnet,2020-03-24 19:05:03
3.1-nanoserver-1809-arm32v7,arm32,windows,"Windows Server 2019",3.1.3,3.1/aspnet/nanoserver-1809/arm32v7/Dockerfile,dotnet/core/aspnet,2020-03-24 19:05:03
sha256:9c0a235de25b991fb989b8d11001b5e9c929ff5575bf09749b3d5a31e3384c68,amd64,windows,"Windows Server, version 1903",3.1.3,3.1/aspnet/nanoserver-1903/amd64/Dockerfile,dotnet/core/aspnet,2020-03-24 19:05:07
3.1.3-nanoserver-1903,amd64,windows,"Windows Server, version 1903",3.1.3,3.1/aspnet/nanoserver-1903/amd64/Dockerfile,dotnet/core/aspnet,2020-03-24 19:05:07
3.1-nanoserver-1903,amd64,windows,"Windows Server, version 1903",3.1.3,3.1/aspnet/nanoserver-1903/amd64/Dockerfile,dotnet/core/aspnet,2020-03-24 19:05:07
sha256:aa4afa251e1bc34fe0a39661ce602c2566ed38bb0d0306a3f32962bc48455ec7,arm64,linux,"Ubuntu 20.04",5.0.0,5.0/aspnet/focal/arm64v8/Dockerfile,dotnet/core/aspnet,2020-03-24 19:05:10
5.0.0-preview-focal-arm64v8,arm64,linux,"Ubuntu 20.04",5.0.0,5.0/aspnet/focal/arm64v8/Dockerfile,dotnet/core/aspnet,2020-03-24 19:05:10
5.0-focal-arm64v8,arm64,linux,"Ubuntu 20.04",5.0.0,5.0/aspnet/focal/arm64v8/Dockerfile,dotnet/core/aspnet,2020-03-24 19:05:10
sha256:44f55d7154796573644a3dffad44c66697be4a0a4a40708e446e8d6efb4b4b7d,amd64,linux,"Debian 9",2.1.805,2.1/sdk/stretch/amd64/Dockerfile,dotnet/core/sdk,2020-03-24 19:05:14
2.1.805-stretch,amd64,linux,"Debian 9",2.1.805,2.1/sdk/stretch/amd64/Dockerfile,dotnet/core/sdk,2020-03-24 19:05:14
2.1-stretch,amd64,linux,"Debian 9",2.1.805,2.1/sdk/stretch/amd64/Dockerfile,dotnet/core/sdk,2020-03-24 19:05:14
sha256:e3150b799f61b2891b259bbab2555c78e73c5ca1abefa6e1c5dd53e1657062e3,arm32,windows,"Windows Server 2019",3.1.201,3.1/sdk/nanoserver-1809/arm32v7/Dockerfile,dotnet/core/sdk,2020-03-24 19:05:18
3.1.201-nanoserver-1809-arm32v7,arm32,windows,"Windows Server 2019",3.1.201,3.1/sdk/nanoserver-1809/arm32v7/Dockerfile,dotnet/core/sdk,2020-03-24 19:05:18
3.1-nanoserver-1809-arm32v7,arm32,windows,"Windows Server 2019",3.1.201,3.1/sdk/nanoserver-1809/arm32v7/Dockerfile,dotnet/core/sdk,2020-03-24 19:05:18
sha256:57e0651e4aa1e24546ab5c76e68e4d362a9608afe3b639a05d7e3136371aed48,amd64,windows,"Windows Server, version 1903",3.1.201,3.1/sdk/nanoserver-1903/amd64/Dockerfile,dotnet/core/sdk,2020-03-24 19:05:23
3.1.201-nanoserver-1903,amd64,windows,"Windows Server, version 1903",3.1.201,3.1/sdk/nanoserver-1903/amd64/Dockerfile,dotnet/core/sdk,2020-03-24 19:05:23
3.1-nanoserver-1903,amd64,windows,"Windows Server, version 1903",3.1.201,3.1/sdk/nanoserver-1903/amd64/Dockerfile,dotnet/core/sdk,2020-03-24 19:05:23
sha256:3faac1e5e773f46965d6e1ae3b3a848cce0cf9d924a1c0a2eb9e2fcb37083dfa,amd64,linux,"Ubuntu 20.04",5.0.100,5.0/sdk/focal/amd64/Dockerfile,dotnet/core/sdk,2020-03-24 19:05:27
5.0.100-preview-focal,amd64,linux,"Ubuntu 20.04",5.0.100,5.0/sdk/focal/amd64/Dockerfile,dotnet/core/sdk,2020-03-24 19:05:27
5.0-focal,amd64,linux,"Ubuntu 20.04",5.0.100,5.0/sdk/focal/amd64/Dockerfile,dotnet/core/sdk,2020-03-24 19:05:27
sha256:6a7fd5392b77cdf54063e7003ec98ae35d3a31ab9fe0ce93f048c682e46c4377,arm64,linux,"Ubuntu 20.04",5.0.100,5.0/sdk/focal/arm64v8/Dockerfile,dotnet/core/sdk,2020-03-24 19:05:30
5.0.100-preview-focal-arm64v8,arm64,linux,"Ubuntu 20.04",5.0.100,5.0/sdk/focal/arm64v8/Dockerfile,dotnet/core/sdk,2020-03-24 19:05:30
5.0-focal-arm64v8,arm64,linux,"Ubuntu 20.04",5.0.100,5.0/sdk/focal/arm64v8/Dockerfile,dotnet/core/sdk,2020-03-24 19:05:30
sha256:93f5172886c87d2843ff5c92ed41c7176b235a8825764eb11e4d2f8ab4274cfc,arm32,linux,"Debian 9",2.1.17,2.1/runtime-deps/stretch-slim/arm32v7/Dockerfile,dotnet/core/runtime-deps,2020-03-24 19:04:30
2.1.17-stretch-slim-arm32v7,arm32,linux,"Debian 9",2.1.17,2.1/runtime-deps/stretch-slim/arm32v7/Dockerfile,dotnet/core/runtime-deps,2020-03-24 19:04:30
2.1-stretch-slim-arm32v7,arm32,linux,"Debian 9",2.1.17,2.1/runtime-deps/stretch-slim/arm32v7/Dockerfile,dotnet/core/runtime-deps,2020-03-24 19:04:30
sha256:48388a456cdf4b30b678d57085de5bf5b15c14ceb66958ed1e0436d8559f4b2b,arm64,linux,"Debian 10",3.1.3,3.1/runtime-deps/buster-slim/arm64v8/Dockerfile,dotnet/core/runtime-deps,2020-03-24 19:04:35
3.1.3-buster-slim-arm64v8,arm64,linux,"Debian 10",3.1.3,3.1/runtime-deps/buster-slim/arm64v8/Dockerfile,dotnet/core/runtime-deps,2020-03-24 19:04:35
3.1-buster-slim-arm64v8,arm64,linux,"Debian 10",3.1.3,3.1/runtime-deps/buster-slim/arm64v8/Dockerfile,dotnet/core/runtime-deps,2020-03-24 19:04:35
sha256:ceb7b3032d9c068b44613fa4d1e6e6be3d9aad55aac622995d84a1b17794ba2a,arm64,linux,"Ubuntu 20.04",5.0.0,5.0/runtime-deps/focal/arm64v8/Dockerfile,dotnet/core/runtime-deps,2020-03-24 19:04:39
5.0.0-preview-focal-arm64v8,arm64,linux,"Ubuntu 20.04",5.0.0,5.0/runtime-deps/focal/arm64v8/Dockerfile,dotnet/core/runtime-deps,2020-03-24 19:04:39
5.0-focal-arm64v8,arm64,linux,"Ubuntu 20.04",5.0.0,5.0/runtime-deps/focal/arm64v8/Dockerfile,dotnet/core/runtime-deps,2020-03-24 19:04:39
sha256:29bc7c569ee6dba04d494dafca25292fee0b454078ccc3e9d55c74c64b9d3dec,amd64,linux,"Alpine 3.11",2.1.17,2.1/runtime/alpine3.11/amd64/Dockerfile,dotnet/core/runtime,2020-03-24 19:04:43
2.1.17-alpine3.11,amd64,linux,"Alpine 3.11",2.1.17,2.1/runtime/alpine3.11/amd64/Dockerfile,dotnet/core/runtime,2020-03-24 19:04:43
2.1-alpine3.11,amd64,linux,"Alpine 3.11",2.1.17,2.1/runtime/alpine3.11/amd64/Dockerfile,dotnet/core/runtime,2020-03-24 19:04:43
2.1.17-alpine,amd64,linux,"Alpine 3.11",2.1.17,2.1/runtime/alpine3.11/amd64/Dockerfile,dotnet/core/runtime,2020-03-24 19:04:43
2.1-alpine,amd64,linux,"Alpine 3.11",2.1.17,2.1/runtime/alpine3.11/amd64/Dockerfile,dotnet/core/runtime,2020-03-24 19:04:43
sha256:41bf90ab3013d48246d76a5202238065a059866675214284f9077cfab5d30d72,amd64,windows,"Windows Server, version 1903",3.1.3,3.1/runtime/nanoserver-1903/amd64/Dockerfile,dotnet/core/runtime,2020-03-24 19:04:47
3.1.3-nanoserver-1903,amd64,windows,"Windows Server, version 1903",3.1.3,3.1/runtime/nanoserver-1903/amd64/Dockerfile,dotnet/core/runtime,2020-03-24 19:04:47
3.1-nanoserver-1903,amd64,windows,"Windows Server, version 1903",3.1.3,3.1/runtime/nanoserver-1903/amd64/Dockerfile,dotnet/core/runtime,2020-03-24 19:04:47
sha256:c1edc1c97e8373c28041eec19ba0eb299c35fb7b109ffb20b80c87e9746b8379,arm32,linux,"Ubuntu 18.04",3.1.3,3.1/runtime/bionic/arm32v7/Dockerfile,dotnet/core/runtime,2020-03-24 19:04:51
3.1.3-bionic-arm32v7,arm32,linux,"Ubuntu 18.04",3.1.3,3.1/runtime/bionic/arm32v7/Dockerfile,dotnet/core/runtime,2020-03-24 19:04:51
3.1-bionic-arm32v7,arm32,linux,"Ubuntu 18.04",3.1.3,3.1/runtime/bionic/arm32v7/Dockerfile,dotnet/core/runtime,2020-03-24 19:04:51
sha256:27057292179e526fdd37212dd9dbb86352061d4c8f93945891d8d79596215367,amd64,windows,"Windows Server, version 1909",5.0.0,5.0/runtime/nanoserver-1909/amd64/Dockerfile,dotnet/core/runtime,2020-03-24 19:04:53
5.0.0-preview-nanoserver-1909,amd64,windows,"Windows Server, version 1909",5.0.0,5.0/runtime/nanoserver-1909/amd64/Dockerfile,dotnet/core/runtime,2020-03-24 19:04:53
5.0-nanoserver-1909,amd64,windows,"Windows Server, version 1909",5.0.0,5.0/runtime/nanoserver-1909/amd64/Dockerfile,dotnet/core/runtime,2020-03-24 19:04:53
sha256:6e9d850a0e80bd93529d1cc7dd417b93100d38e91b13ed7b57b90da06a5b7c95,amd64,windows,"Windows Server 2019",2.1.17,2.1/aspnet/nanoserver-1809/amd64/Dockerfile,dotnet/core/aspnet,2020-03-24 19:04:56
2.1.17-nanoserver-1809,amd64,windows,"Windows Server 2019",2.1.17,2.1/aspnet/nanoserver-1809/amd64/Dockerfile,dotnet/core/aspnet,2020-03-24 19:04:56
2.1-nanoserver-1809,amd64,windows,"Windows Server 2019",2.1.17,2.1/aspnet/nanoserver-1809/amd64/Dockerfile,dotnet/core/aspnet,2020-03-24 19:04:56
sha256:cabc5bc055cea7b27d80517bcc00cc5b8c5a9f2aeed9304b65b7084b51055b77,arm64,linux,"Debian 10",3.1.3,3.1/aspnet/buster-slim/arm64v8/Dockerfile,dotnet/core/aspnet,2020-03-24 19:05:03
3.1.3-buster-slim-arm64v8,arm64,linux,"Debian 10",3.1.3,3.1/aspnet/buster-slim/arm64v8/Dockerfile,dotnet/core/aspnet,2020-03-24 19:05:03
3.1-buster-slim-arm64v8,arm64,linux,"Debian 10",3.1.3,3.1/aspnet/buster-slim/arm64v8/Dockerfile,dotnet/core/aspnet,2020-03-24 19:05:03
sha256:33c4417296ba5c55f04545a1787cc2b9c7532e77a710ec09f13d468d03f9b45c,amd64,windows,"Windows Server 2019",3.1.3,3.1/aspnet/nanoserver-1809/amd64/Dockerfile,dotnet/core/aspnet,2020-03-24 19:05:07
3.1.3-nanoserver-1809,amd64,windows,"Windows Server 2019",3.1.3,3.1/aspnet/nanoserver-1809/amd64/Dockerfile,dotnet/core/aspnet,2020-03-24 19:05:07
3.1-nanoserver-1809,amd64,windows,"Windows Server 2019",3.1.3,3.1/aspnet/nanoserver-1809/amd64/Dockerfile,dotnet/core/aspnet,2020-03-24 19:05:07
sha256:b9a1f13af84010588dfa651f797d84570ff1c9886ebafea1beaec55cb7b82571,arm32,linux,"Debian 9",2.1.805,2.1/sdk/stretch/arm32v7/Dockerfile,dotnet/core/sdk,2020-03-24 19:05:11
2.1.805-stretch-arm32v7,arm32,linux,"Debian 9",2.1.805,2.1/sdk/stretch/arm32v7/Dockerfile,dotnet/core/sdk,2020-03-24 19:05:11
2.1-stretch-arm32v7,arm32,linux,"Debian 9",2.1.805,2.1/sdk/stretch/arm32v7/Dockerfile,dotnet/core/sdk,2020-03-24 19:05:11
sha256:448acdf32f08e727f7396321cec445755f1295844d2d2124ba06a278406377e8,amd64,windows,"Windows Server 2019",2.1.805,2.1/sdk/nanoserver-1809/amd64/Dockerfile,dotnet/core/sdk,2020-03-24 19:05:15
2.1.805-nanoserver-1809,amd64,windows,"Windows Server 2019",2.1.805,2.1/sdk/nanoserver-1809/amd64/Dockerfile,dotnet/core/sdk,2020-03-24 19:05:15
2.1-nanoserver-1809,amd64,windows,"Windows Server 2019",2.1.805,2.1/sdk/nanoserver-1809/amd64/Dockerfile,dotnet/core/sdk,2020-03-24 19:05:15
sha256:d7b5969c4d83d8e7e9aee91b59cabfcd86f09f9bb42620758a26f00fc1143f23,amd64,windows,"Windows Server, version 1909",3.1.201,3.1/sdk/nanoserver-1909/amd64/Dockerfile,dotnet/core/sdk,2020-03-24 19:05:18
3.1.201-nanoserver-1909,amd64,windows,"Windows Server, version 1909",3.1.201,3.1/sdk/nanoserver-1909/amd64/Dockerfile,dotnet/core/sdk,2020-03-24 19:05:18
3.1-nanoserver-1909,amd64,windows,"Windows Server, version 1909",3.1.201,3.1/sdk/nanoserver-1909/amd64/Dockerfile,dotnet/core/sdk,2020-03-24 19:05:18
sha256:a7e342bc5602f30037cc08b4fea9b67672ccc59cb67ae08f6547cf2ca8ee9673,amd64,linux,"Alpine 3.10",3.1.201,3.1/sdk/alpine3.10/amd64/Dockerfile,dotnet/core/sdk,2020-03-24 19:05:23
3.1.201-alpine3.10,amd64,linux,"Alpine 3.10",3.1.201,3.1/sdk/alpine3.10/amd64/Dockerfile,dotnet/core/sdk,2020-03-24 19:05:23
3.1-alpine3.10,amd64,linux,"Alpine 3.10",3.1.201,3.1/sdk/alpine3.10/amd64/Dockerfile,dotnet/core/sdk,2020-03-24 19:05:23
sha256:cb7d4a48c3dd50285cc9457777c8f4b4e2ead38f2f6dc8f3beb19506ba1560cf,amd64,linux,"Ubuntu 18.04",2.1.17,2.1/runtime-deps/bionic/amd64/Dockerfile,dotnet/core/runtime-deps,2020-03-24 19:04:30
2.1.17-bionic,amd64,linux,"Ubuntu 18.04",2.1.17,2.1/runtime-deps/bionic/amd64/Dockerfile,dotnet/core/runtime-deps,2020-03-24 19:04:30
2.1-bionic,amd64,linux,"Ubuntu 18.04",2.1.17,2.1/runtime-deps/bionic/amd64/Dockerfile,dotnet/core/runtime-deps,2020-03-24 19:04:30
sha256:3089e86249a97cf7b64aa205ae1cdecd0a738233a32fb43c88e0622f3b9cab33,arm32,linux,"Ubuntu 18.04",3.1.3,3.1/runtime-deps/bionic/arm32v7/Dockerfile,dotnet/core/runtime-deps,2020-03-24 19:04:34
3.1.3-bionic-arm32v7,arm32,linux,"Ubuntu 18.04",3.1.3,3.1/runtime-deps/bionic/arm32v7/Dockerfile,dotnet/core/runtime-deps,2020-03-24 19:04:34
3.1-bionic-arm32v7,arm32,linux,"Ubuntu 18.04",3.1.3,3.1/runtime-deps/bionic/arm32v7/Dockerfile,dotnet/core/runtime-deps,2020-03-24 19:04:34
sha256:d37f5e31f2b479f6c19680c638fd388baba5d48cd611de302513e4d33897c08b,arm32,linux,"Debian 10",5.0.0,5.0/runtime-deps/buster-slim/arm32v7/Dockerfile,dotnet/core/runtime-deps,2020-03-24 19:04:38
5.0.0-preview-buster-slim-arm32v7,arm32,linux,"Debian 10",5.0.0,5.0/runtime-deps/buster-slim/arm32v7/Dockerfile,dotnet/core/runtime-deps,2020-03-24 19:04:38
5.0-buster-slim-arm32v7,arm32,linux,"Debian 10",5.0.0,5.0/runtime-deps/buster-slim/arm32v7/Dockerfile,dotnet/core/runtime-deps,2020-03-24 19:04:38
sha256:93a6d6cdf734e468d87fd04e23ed15d41c5d820ceac4797b181a485bbd2746af,amd64,windows,"Windows Server, version 1903",2.1.17,2.1/runtime/nanoserver-1903/amd64/Dockerfile,dotnet/core/runtime,2020-03-24 19:04:43
2.1.17-nanoserver-1903,amd64,windows,"Windows Server, version 1903",2.1.17,2.1/runtime/nanoserver-1903/amd64/Dockerfile,dotnet/core/runtime,2020-03-24 19:04:43
2.1-nanoserver-1903,amd64,windows,"Windows Server, version 1903",2.1.17,2.1/runtime/nanoserver-1903/amd64/Dockerfile,dotnet/core/runtime,2020-03-24 19:04:43
sha256:29c63fd9864647b5045843a554e5bf994483a6da96c537024c484bc1d0c1bac4,arm64,linux,"Debian 10",3.1.3,3.1/runtime/buster-slim/arm64v8/Dockerfile,dotnet/core/runtime,2020-03-24 19:04:47
3.1.3-buster-slim-arm64v8,arm64,linux,"Debian 10",3.1.3,3.1/runtime/buster-slim/arm64v8/Dockerfile,dotnet/core/runtime,2020-03-24 19:04:47
3.1-buster-slim-arm64v8,arm64,linux,"Debian 10",3.1.3,3.1/runtime/buster-slim/arm64v8/Dockerfile,dotnet/core/runtime,2020-03-24 19:04:47
sha256:4ecf091fb071ddeb3d52470ae3ac7b8fd6ce4b72e135c49ccadabb499e9ad2ea,amd64,linux,"Ubuntu 18.04",3.1.3,3.1/runtime/bionic/amd64/Dockerfile,dotnet/core/runtime,2020-03-24 19:04:51
3.1.3-bionic,amd64,linux,"Ubuntu 18.04",3.1.3,3.1/runtime/bionic/amd64/Dockerfile,dotnet/core/runtime,2020-03-24 19:04:51
3.1-bionic,amd64,linux,"Ubuntu 18.04",3.1.3,3.1/runtime/bionic/amd64/Dockerfile,dotnet/core/runtime,2020-03-24 19:04:51
sha256:e308a5a363703638bf14741d05901dfe1c5eb88b7fcb273548665fbd6d4b4b12,amd64,linux,"Alpine 3.11",5.0.0,5.0/runtime/alpine3.11/amd64/Dockerfile,dotnet/core/runtime,2020-03-24 19:04:54
5.0.0-preview-alpine3.11,amd64,linux,"Alpine 3.11",5.0.0,5.0/runtime/alpine3.11/amd64/Dockerfile,dotnet/core/runtime,2020-03-24 19:04:54
5.0-alpine3.11,amd64,linux,"Alpine 3.11",5.0.0,5.0/runtime/alpine3.11/amd64/Dockerfile,dotnet/core/runtime,2020-03-24 19:04:54
5.0.0-preview-alpine,amd64,linux,"Alpine 3.11",5.0.0,5.0/runtime/alpine3.11/amd64/Dockerfile,dotnet/core/runtime,2020-03-24 19:04:54
5.0-alpine,amd64,linux,"Alpine 3.11",5.0.0,5.0/runtime/alpine3.11/amd64/Dockerfile,dotnet/core/runtime,2020-03-24 19:04:54
sha256:1b787f2af397b55ad5ac0b8530b754e15911797195656a8a70d89fd4617efb31,amd64,windows,"Windows Server, version 1903",2.1.17,2.1/aspnet/nanoserver-1903/amd64/Dockerfile,dotnet/core/aspnet,2020-03-24 19:04:57
2.1.17-nanoserver-1903,amd64,windows,"Windows Server, version 1903",2.1.17,2.1/aspnet/nanoserver-1903/amd64/Dockerfile,dotnet/core/aspnet,2020-03-24 19:04:57
2.1-nanoserver-1903,amd64,windows,"Windows Server, version 1903",2.1.17,2.1/aspnet/nanoserver-1903/amd64/Dockerfile,dotnet/core/aspnet,2020-03-24 19:04:57
sha256:977a5320aea93d03da209f49191cd9d548dcc3046002c1677058beeaa213f5aa,arm64,linux,"Alpine 3.10",3.1.3,3.1/aspnet/alpine3.10/arm64v8/Dockerfile,dotnet/core/aspnet,2020-03-24 19:05:05
3.1.3-alpine3.10-arm64v8,arm64,linux,"Alpine 3.10",3.1.3,3.1/aspnet/alpine3.10/arm64v8/Dockerfile,dotnet/core/aspnet,2020-03-24 19:05:05
3.1-alpine3.10-arm64v8,arm64,linux,"Alpine 3.10",3.1.3,3.1/aspnet/alpine3.10/arm64v8/Dockerfile,dotnet/core/aspnet,2020-03-24 19:05:05
sha256:40cfe4eb400db5c34fc677a0f47c894440dac5efee257a7c05a059dd26398ba0,amd64,linux,"Alpine 3.11",3.1.3,3.1/aspnet/alpine3.11/amd64/Dockerfile,dotnet/core/aspnet,2020-03-24 19:05:08
3.1.3-alpine3.11,amd64,linux,"Alpine 3.11",3.1.3,3.1/aspnet/alpine3.11/amd64/Dockerfile,dotnet/core/aspnet,2020-03-24 19:05:08
3.1-alpine3.11,amd64,linux,"Alpine 3.11",3.1.3,3.1/aspnet/alpine3.11/amd64/Dockerfile,dotnet/core/aspnet,2020-03-24 19:05:08
3.1.3-alpine,amd64,linux,"Alpine 3.11",3.1.3,3.1/aspnet/alpine3.11/amd64/Dockerfile,dotnet/core/aspnet,2020-03-24 19:05:08
3.1-alpine,amd64,linux,"Alpine 3.11",3.1.3,3.1/aspnet/alpine3.11/amd64/Dockerfile,dotnet/core/aspnet,2020-03-24 19:05:08
sha256:e80e8516883c9388693649d35a358674d48cb4012243f6d48f49984ece699ba6,amd64,windows,"Windows Server, version 1903",2.1.805,2.1/sdk/nanoserver-1903/amd64/Dockerfile,dotnet/core/sdk,2020-03-24 19:05:11
2.1.805-nanoserver-1903,amd64,windows,"Windows Server, version 1903",2.1.805,2.1/sdk/nanoserver-1903/amd64/Dockerfile,dotnet/core/sdk,2020-03-24 19:05:11
2.1-nanoserver-1903,amd64,windows,"Windows Server, version 1903",2.1.805,2.1/sdk/nanoserver-1903/amd64/Dockerfile,dotnet/core/sdk,2020-03-24 19:05:11
sha256:fb18ce11583a81dd751b08aa2e0b914b0fd01da91b547a623e39e5bac6daf21c,amd64,windows,"Windows Server, version 1909",2.1.805,2.1/sdk/nanoserver-1909/amd64/Dockerfile,dotnet/core/sdk,2020-03-24 19:05:15
2.1.805-nanoserver-1909,amd64,windows,"Windows Server, version 1909",2.1.805,2.1/sdk/nanoserver-1909/amd64/Dockerfile,dotnet/core/sdk,2020-03-24 19:05:15
2.1-nanoserver-1909,amd64,windows,"Windows Server, version 1909",2.1.805,2.1/sdk/nanoserver-1909/amd64/Dockerfile,dotnet/core/sdk,2020-03-24 19:05:15
sha256:40bf64351f2ef63ac7b5d5dfb4ad2661eaee5cc01973c3dcd145db54bc7a2e4f,arm32,linux,"Ubuntu 18.04",3.1.201,3.1/sdk/bionic/arm32v7/Dockerfile,dotnet/core/sdk,2020-03-24 19:05:18
3.1.201-bionic-arm32v7,arm32,linux,"Ubuntu 18.04",3.1.201,3.1/sdk/bionic/arm32v7/Dockerfile,dotnet/core/sdk,2020-03-24 19:05:18
3.1-bionic-arm32v7,arm32,linux,"Ubuntu 18.04",3.1.201,3.1/sdk/bionic/arm32v7/Dockerfile,dotnet/core/sdk,2020-03-24 19:05:18
sha256:b7def06355a3c6c79ebce82b0c00c50368465a4ececb6a099e3701c851b67a4d,arm64,linux,"Ubuntu 18.04",3.1.201,3.1/sdk/bionic/arm64v8/Dockerfile,dotnet/core/sdk,2020-03-24 19:05:24
3.1.201-bionic-arm64v8,arm64,linux,"Ubuntu 18.04",3.1.201,3.1/sdk/bionic/arm64v8/Dockerfile,dotnet/core/sdk,2020-03-24 19:05:24
3.1-bionic-arm64v8,arm64,linux,"Ubuntu 18.04",3.1.201,3.1/sdk/bionic/arm64v8/Dockerfile,dotnet/core/sdk,2020-03-24 19:05:24
sha256:bf328cba9781fb48d20f9465c2fa62a805bd597ed9c5e82f999bc7e5b5a79dd4,amd64,linux,"Debian 10",3.1.3,3.1/runtime-deps/buster-slim/amd64/Dockerfile,dotnet/core/runtime-deps,2020-03-24 19:04:30
3.1.3-buster-slim,amd64,linux,"Debian 10",3.1.3,3.1/runtime-deps/buster-slim/amd64/Dockerfile,dotnet/core/runtime-deps,2020-03-24 19:04:30
3.1-buster-slim,amd64,linux,"Debian 10",3.1.3,3.1/runtime-deps/buster-slim/amd64/Dockerfile,dotnet/core/runtime-deps,2020-03-24 19:04:30
sha256:f9d8c1ffbc226b79791ea745a1d30d8c35193152b7e9ed7b85a57bb97f1f31a8,arm64,linux,"Alpine 3.11",3.1.3,3.1/runtime-deps/alpine3.11/arm64v8/Dockerfile,dotnet/core/runtime-deps,2020-03-24 19:04:34
3.1.3-alpine3.11-arm64v8,arm64,linux,"Alpine 3.11",3.1.3,3.1/runtime-deps/alpine3.11/arm64v8/Dockerfile,dotnet/core/runtime-deps,2020-03-24 19:04:34
3.1-alpine3.11-arm64v8,arm64,linux,"Alpine 3.11",3.1.3,3.1/runtime-deps/alpine3.11/arm64v8/Dockerfile,dotnet/core/runtime-deps,2020-03-24 19:04:34
3.1.3-alpine-arm64v8,arm64,linux,"Alpine 3.11",3.1.3,3.1/runtime-deps/alpine3.11/arm64v8/Dockerfile,dotnet/core/runtime-deps,2020-03-24 19:04:34
3.1-alpine-arm64v8,arm64,linux,"Alpine 3.11",3.1.3,3.1/runtime-deps/alpine3.11/arm64v8/Dockerfile,dotnet/core/runtime-deps,2020-03-24 19:04:34
sha256:89fe8cb448ee658ef33f6a34894489b42a575cd81d87897dadba67b783574489,arm64,linux,"Debian 10",5.0.0,5.0/runtime-deps/buster-slim/arm64v8/Dockerfile,dotnet/core/runtime-deps,2020-03-24 19:04:38
5.0.0-preview-buster-slim-arm64v8,arm64,linux,"Debian 10",5.0.0,5.0/runtime-deps/buster-slim/arm64v8/Dockerfile,dotnet/core/runtime-deps,2020-03-24 19:04:38
5.0-buster-slim-arm64v8,arm64,linux,"Debian 10",5.0.0,5.0/runtime-deps/buster-slim/arm64v8/Dockerfile,dotnet/core/runtime-deps,2020-03-24 19:04:38
sha256:d70fcc6aea9221f8fb1cbad722b03d30e5357e27a62dd5ac49d37ad617291bb5,arm32,linux,"Debian 9",2.1.17,2.1/runtime/stretch-slim/arm32v7/Dockerfile,dotnet/core/runtime,2020-03-24 19:04:42
2.1.17-stretch-slim-arm32v7,arm32,linux,"Debian 9",2.1.17,2.1/runtime/stretch-slim/arm32v7/Dockerfile,dotnet/core/runtime,2020-03-24 19:04:42
2.1-stretch-slim-arm32v7,arm32,linux,"Debian 9",2.1.17,2.1/runtime/stretch-slim/arm32v7/Dockerfile,dotnet/core/runtime,2020-03-24 19:04:42
sha256:1ef0df43757667d00d7030f0644abf591f92176349f8d630a774a1c94592c05a,amd64,linux,"Debian 10",3.1.3,3.1/runtime/buster-slim/amd64/Dockerfile,dotnet/core/runtime,2020-03-24 19:04:46
3.1.3-buster-slim,amd64,linux,"Debian 10",3.1.3,3.1/runtime/buster-slim/amd64/Dockerfile,dotnet/core/runtime,2020-03-24 19:04:46
3.1-buster-slim,amd64,linux,"Debian 10",3.1.3,3.1/runtime/buster-slim/amd64/Dockerfile,dotnet/core/runtime,2020-03-24 19:04:46
sha256:d35077821d01d07ca2aec5c1b48ad7603359847e6901894efa2e27948a86e60d,arm64,linux,"Alpine 3.10",3.1.3,3.1/runtime/alpine3.10/arm64v8/Dockerfile,dotnet/core/runtime,2020-03-24 19:04:49
3.1.3-alpine3.10-arm64v8,arm64,linux,"Alpine 3.10",3.1.3,3.1/runtime/alpine3.10/arm64v8/Dockerfile,dotnet/core/runtime,2020-03-24 19:04:49
3.1-alpine3.10-arm64v8,arm64,linux,"Alpine 3.10",3.1.3,3.1/runtime/alpine3.10/arm64v8/Dockerfile,dotnet/core/runtime,2020-03-24 19:04:49
sha256:414446f7d77c1aed47f661e070a9bfde7aa6038c53158435b72c38dca6c64a9b,amd64,windows,"Windows Server 2019",5.0.0,5.0/runtime/nanoserver-1809/amd64/Dockerfile,dotnet/core/runtime,2020-03-24 19:04:52
5.0.0-preview-nanoserver-1809,amd64,windows,"Windows Server 2019",5.0.0,5.0/runtime/nanoserver-1809/amd64/Dockerfile,dotnet/core/runtime,2020-03-24 19:04:52
5.0-nanoserver-1809,amd64,windows,"Windows Server 2019",5.0.0,5.0/runtime/nanoserver-1809/amd64/Dockerfile,dotnet/core/runtime,2020-03-24 19:04:52
sha256:a8bc1b54988456c81c8cc4ca58c599ef7f10e61565cc60a906b676316a4e70ad,amd64,linux,"Debian 9",2.1.17,2.1/aspnet/stretch-slim/amd64/Dockerfile,dotnet/core/aspnet,2020-03-24 19:04:55
2.1.17-stretch-slim,amd64,linux,"Debian 9",2.1.17,2.1/aspnet/stretch-slim/amd64/Dockerfile,dotnet/core/aspnet,2020-03-24 19:04:55
2.1-stretch-slim,amd64,linux,"Debian 9",2.1.17,2.1/aspnet/stretch-slim/amd64/Dockerfile,dotnet/core/aspnet,2020-03-24 19:04:55
sha256:405bdcc67e0b760487f95c9b9a0a9b21ed772f6a99ca7fc719a49a09a0475d33,amd64,linux,"Debian 10",3.1.3,3.1/aspnet/buster-slim/amd64/Dockerfile,dotnet/core/aspnet,2020-03-24 19:04:58
3.1.3-buster-slim,amd64,linux,"Debian 10",3.1.3,3.1/aspnet/buster-slim/amd64/Dockerfile,dotnet/core/aspnet,2020-03-24 19:04:58
3.1-buster-slim,amd64,linux,"Debian 10",3.1.3,3.1/aspnet/buster-slim/amd64/Dockerfile,dotnet/core/aspnet,2020-03-24 19:04:58
sha256:11817c37ac2bae0d362f429254433810f837b408ef8380bb13710669440aa300,arm32,linux,"Debian 10",3.1.3,3.1/aspnet/buster-slim/arm32v7/Dockerfile,dotnet/core/aspnet,2020-03-24 19:05:03
3.1.3-buster-slim-arm32v7,arm32,linux,"Debian 10",3.1.3,3.1/aspnet/buster-slim/arm32v7/Dockerfile,dotnet/core/aspnet,2020-03-24 19:05:03
3.1-buster-slim-arm32v7,arm32,linux,"Debian 10",3.1.3,3.1/aspnet/buster-slim/arm32v7/Dockerfile,dotnet/core/aspnet,2020-03-24 19:05:03
sha256:8bddc8092876b355b3a3adc09bbcef49310cef0a8c8aa2778f2e032d4cf174a3,arm64,linux,"Debian 10",5.0.0,5.0/aspnet/buster-slim/arm64v8/Dockerfile,dotnet/core/aspnet,2020-03-24 19:05:07
5.0.0-preview-buster-slim-arm64v8,arm64,linux,"Debian 10",5.0.0,5.0/aspnet/buster-slim/arm64v8/Dockerfile,dotnet/core/aspnet,2020-03-24 19:05:07
5.0-buster-slim-arm64v8,arm64,linux,"Debian 10",5.0.0,5.0/aspnet/buster-slim/arm64v8/Dockerfile,dotnet/core/aspnet,2020-03-24 19:05:07
sha256:1b969d21d813b7ba7c0dc87a39bf6055838312106e3565819960ec9f51796dde,amd64,windows,"Windows Server 2019",5.0.0,5.0/aspnet/nanoserver-1809/amd64/Dockerfile,dotnet/core/aspnet,2020-03-24 19:05:10
5.0.0-preview-nanoserver-1809,amd64,windows,"Windows Server 2019",5.0.0,5.0/aspnet/nanoserver-1809/amd64/Dockerfile,dotnet/core/aspnet,2020-03-24 19:05:10
5.0-nanoserver-1809,amd64,windows,"Windows Server 2019",5.0.0,5.0/aspnet/nanoserver-1809/amd64/Dockerfile,dotnet/core/aspnet,2020-03-24 19:05:10
sha256:8efe1c3ea25c181e2e5587b3f4b95ea4fc030abc966dd9f3d7b3611e12bd39aa,amd64,linux,"Ubuntu 18.04",2.1.805,2.1/sdk/bionic/amd64/Dockerfile,dotnet/core/sdk,2020-03-24 19:05:14
2.1.805-bionic,amd64,linux,"Ubuntu 18.04",2.1.805,2.1/sdk/bionic/amd64/Dockerfile,dotnet/core/sdk,2020-03-24 19:05:14
2.1-bionic,amd64,linux,"Ubuntu 18.04",2.1.805,2.1/sdk/bionic/amd64/Dockerfile,dotnet/core/sdk,2020-03-24 19:05:14
sha256:e036cfc307c23aa73536768b1f539295a85d211e03efcdf0b91541f79d28d50a,arm32,linux,"Ubuntu 18.04",2.1.805,2.1/sdk/bionic/arm32v7/Dockerfile,dotnet/core/sdk,2020-03-24 19:05:18
2.1.805-bionic-arm32v7,arm32,linux,"Ubuntu 18.04",2.1.805,2.1/sdk/bionic/arm32v7/Dockerfile,dotnet/core/sdk,2020-03-24 19:05:18
2.1-bionic-arm32v7,arm32,linux,"Ubuntu 18.04",2.1.805,2.1/sdk/bionic/arm32v7/Dockerfile,dotnet/core/sdk,2020-03-24 19:05:18
sha256:4d340c176330fe0b452588212b0b781f7c191354a07e84a62b4f1b5f6fcbb172,arm64,linux,"Debian 10",5.0.100,5.0/sdk/buster/arm64v8/Dockerfile,dotnet/core/sdk,2020-03-24 19:05:23
5.0.100-preview-buster-arm64v8,arm64,linux,"Debian 10",5.0.100,5.0/sdk/buster/arm64v8/Dockerfile,dotnet/core/sdk,2020-03-24 19:05:23
5.0-buster-arm64v8,arm64,linux,"Debian 10",5.0.100,5.0/sdk/buster/arm64v8/Dockerfile,dotnet/core/sdk,2020-03-24 19:05:23
sha256:7f5ec798526d9c1e4d30eb0ebc2be3c76cf1911a7a9a0792f471ca0c120e4655,amd64,windows,"Windows Server 2019",5.0.100,5.0/sdk/nanoserver-1809/amd64/Dockerfile,dotnet/core/sdk,2020-03-24 19:05:27
5.0.100-preview-nanoserver-1809,amd64,windows,"Windows Server 2019",5.0.100,5.0/sdk/nanoserver-1809/amd64/Dockerfile,dotnet/core/sdk,2020-03-24 19:05:27
5.0-nanoserver-1809,amd64,windows,"Windows Server 2019",5.0.100,5.0/sdk/nanoserver-1809/amd64/Dockerfile,dotnet/core/sdk,2020-03-24 19:05:27
